Actual_Shipment_Time,Planned_Shipment_Time,Planned_Delivery_Time,Planned_TimeofTravel,Shipment_Delay,Distance,Delivery_Status
2003,1955,2225,150,8,810,0
754,735,1000,145,19,810,1
628,620,750,90,8,515,0
926,930,1100,90,-4,515,0
1829,1755,1925,90,34,515,1
1940,1915,2110,115,25,688,1
1937,1830,1940,250,67,1591,1
1039,1040,1150,250,-1,1591,0
617,615,650,95,2,451,0
1620,1620,1655,95,0,451,0
706,700,915,135,6,828,0
1644,1510,1725,135,94,828,1
1426,1430,1425,55,-4,162,0
715,715,710,55,0,162,0
1702,1700,1655,55,2,162,0
1029,1020,1010,50,9,162,0
1452,1425,1625,240,27,1489,1
754,745,955,250,9,1489,0
1323,1255,1510,135,28,838,1
1416,1325,1435,70,51,220,1
706,705,810,65,1,220,0
1657,1625,1735,70,32,220,1
1900,1840,1950,70,20,220,1
1039,1030,1140,70,9,220,0
801,800,910,70,1,220,0
1520,1455,1605,70,25,220,1
1422,1255,1610,195,87,1093,1
1954,1925,2235,190,29,1093,1
636,635,945,190,1,1093,0
734,730,1020,350,4,2283,0
2107,1945,2230,165,82,972,1
1008,1005,1255,170,3,972,0
712,710,1000,170,2,972,0
1312,1300,1550,170,12,972,0
1449,1430,1720,170,19,972,1
1634,1555,1845,170,39,972,1
831,830,955,145,1,765,0
1812,1650,1815,145,82,765,1
1127,1105,1230,145,22,765,1
1424,1355,1520,145,29,765,1
1326,1230,1530,180,56,1052,1
1749,1725,2030,185,24,1052,1
726,720,1020,180,6,1052,0
646,640,955,195,6,1101,0
1153,1140,1440,180,13,1034,0
1528,1510,1810,180,18,1034,1
634,635,935,180,-1,1034,0
831,830,1140,130,1,888,0
1450,1435,1745,130,15,888,0
2245,1730,1850,80,315,359,1
615,615,735,80,0,359,0
1150,1145,1305,80,5,359,0
2025,1940,2100,80,45,359,1
1038,945,1225,100,53,587,1
1900,1850,2045,115,10,666,0
700,700,900,120,0,666,0
948,925,940,75,23,365,1
646,620,655,95,26,484,1
1110,1040,1110,90,30,484,1
1535,1535,1610,95,0,484,0
1919,1915,1950,95,4,484,0
1053,1055,1240,105,-2,663,0
1433,1440,1625,105,-7,663,0
2015,2010,2155,105,5,663,0
2139,2130,2240,70,9,318,0
1500,1500,1615,75,0,318,0
850,850,1000,70,0,318,0
646,645,755,70,1,318,0
1221,1220,1330,70,1,318,0
1738,1730,1840,70,8,318,0
1813,1735,1905,150,38,816,1
802,750,955,125,12,688,0
1820,1825,1955,90,-5,543,0
821,820,945,85,1,543,0
1734,1650,1905,135,44,742,1
712,700,915,135,12,742,0
1318,1310,1400,50,8,180,0
958,900,950,50,58,180,1
1859,1850,1945,55,9,180,0
1538,1445,1710,85,53,487,1
933,935,1200,85,-2,487,0
2248,2125,2345,80,83,487,1
1327,1230,1500,90,57,487,1
624,625,850,85,-1,487,0
1614,1600,1825,85,14,487,0
1917,1915,2140,85,2,487,0
1832,1655,30,275,97,2237,1
1229,1155,1555,120,34,758,1
1256,1240,1720,160,16,1090,1
2118,2015,50,155,63,1090,1
905,850,1330,160,15,1090,0
1739,1640,25,285,59,2298,1
906,905,1430,205,1,1618,0
816,815,1340,205,1,1588,0
1325,1240,1810,210,45,1588,1
1506,1440,2010,210,26,1588,1
2039,1930,55,205,69,1588,1
924,920,1210,110,4,520,0
1611,1535,1825,110,36,520,1
1824,1715,25,250,69,1987,1
826,825,925,60,1,223,0
2118,2015,2115,60,63,223,1
1818,1740,1840,60,38,223,1
650,650,750,60,0,223,0
2146,2055,2155,60,51,223,1
2241,1910,2010,60,211,223,1
1409,1355,1500,65,14,223,0
1100,1050,1155,65,10,223,0
1306,1250,1355,65,16,223,1
1726,1630,1740,70,56,223,1
915,915,1020,65,0,223,0
1229,1220,1325,65,9,223,0
1459,1455,1555,60,4,223,0
908,845,1610,265,23,2106,1
1817,1730,50,260,47,2106,1
1248,1245,2015,270,3,2106,0
956,945,1645,240,11,1825,0
1849,1740,30,230,69,1772,1
1210,1200,1850,230,10,1772,0
701,700,955,115,1,629,0
1047,1030,1320,110,17,629,1
2232,2115,5,110,77,629,1
1512,1315,1610,115,117,629,1
2025,1955,2245,110,30,629,1
1439,1425,1720,115,14,629,0
1627,1600,1900,120,27,629,1
1745,1710,1945,95,35,584,1
1049,1040,1320,100,9,584,0
1117,1050,1325,155,27,806,1
1725,1620,1850,150,65,806,1
1824,1735,2230,175,49,1235,1
1150,1140,1640,180,10,1235,0
749,740,1235,175,9,1235,0
2051,2010,55,165,41,1235,1
1555,1525,2245,260,30,2066,1
2255,1820,55,215,275,1591,1
1129,1050,1725,215,39,1591,1
1602,1510,2255,285,52,2283,1
1738,1715,1820,65,23,236,1
2207,2150,2255,65,17,236,1
1851,1825,1930,65,26,236,1
701,645,745,60,16,236,1
1556,1455,1600,65,61,236,1
1254,1250,1355,65,4,236,0
840,840,945,65,0,236,0
1540,1525,1630,65,15,236,0
750,750,855,65,0,236,0
1228,1200,1310,70,28,236,1
2047,2005,2115,70,42,236,1
2158,2120,2225,65,38,236,1
1028,1025,1135,70,3,236,0
1423,1420,1525,65,3,236,0
1147,1100,1500,120,47,775,1
859,850,1345,175,9,1295,0
1140,1110,1510,120,30,796,1
1226,1210,1700,170,16,1140,1
2118,2005,50,165,73,1140,1
2003,1905,2350,165,58,1140,1
1622,1510,2000,170,72,1140,1
648,650,1135,165,-2,1140,0
1003,940,1430,170,23,1140,1
1319,1300,2025,265,19,2039,1
1506,1500,2030,210,6,1521,0
648,645,1210,205,3,1521,0
1052,1050,1620,210,2,1521,0
1424,1415,1945,210,9,1521,0
1211,1145,1720,215,26,1521,1
814,755,1320,205,19,1521,1
934,935,1505,210,-1,1521,0
1708,1700,2230,210,8,1521,0
1919,1845,5,200,34,1521,1
1945,1815,2335,200,90,1521,1
2057,1930,50,200,87,1521,1
1354,1310,1845,215,44,1521,1
1703,1645,35,290,18,2356,1
1030,1030,1545,195,0,1501,0
1903,1825,2340,195,38,1501,1
1108,1110,1240,90,-2,407,0
NA,700,830,90,NA,407,NA
1354,1345,1520,95,9,407,0
1944,1740,1915,95,124,407,1
1251,1205,1345,100,46,407,1
1548,1505,1635,90,43,407,1
821,820,950,90,1,407,0
2216,2125,2255,90,51,407,1
2010,1900,2030,90,70,407,1
1433,1420,1555,95,13,407,0
935,925,1055,90,10,407,0
2156,2155,2325,90,1,407,0
2035,2020,2150,90,15,407,0
602,600,730,90,2,407,0
1152,1145,1605,140,7,987,0
1435,1315,1755,160,80,1099,1
2049,1920,2355,155,89,1099,1
913,910,1350,160,3,1099,0
1613,1610,1705,55,3,197,0
2015,1945,2040,55,30,197,1
655,655,750,55,0,197,0
1438,1435,1530,55,3,197,0
1102,1030,1125,55,32,197,1
2218,2120,2210,50,58,197,1
851,835,930,55,16,197,1
1230,1215,1310,55,15,197,0
1838,1800,1855,55,38,197,1
1358,1330,1425,55,28,197,1
1757,1655,25,270,62,2155,1
1816,1755,2015,140,21,762,1
755,755,1020,145,0,762,0
1328,1255,1520,145,33,762,1
2134,2040,2300,140,54,762,1
1127,1045,1835,290,42,2176,1
1720,1700,45,285,20,2176,1
559,600,805,65,-1,256,0
712,705,915,70,7,256,0
1327,1320,1530,70,7,256,0
1817,1810,2015,65,7,256,0
1807,1740,1950,70,27,256,1
1712,1545,1750,65,87,256,1
1206,1205,1415,70,1,256,0
1134,1110,1315,65,24,256,1
1003,1005,1215,70,-2,256,0
815,820,1025,65,-5,256,0
2156,2110,2310,60,46,256,1
2140,2040,2240,60,60,256,1
631,635,840,65,-4,256,0
1521,1450,1655,65,31,256,1
2100,1945,2150,65,75,256,1
1657,1630,1845,75,27,256,1
926,915,1120,65,11,256,0
1413,1415,1620,65,-2,256,0
1825,1745,50,245,40,1910,1
927,915,1620,245,12,1910,0
1630,1600,2350,290,30,2363,1
1136,1120,1840,260,16,2027,1
1824,1725,45,260,59,2027,1
1716,1630,1755,85,46,345,1
1928,1855,2015,80,33,345,1
709,710,830,80,-1,345,0
1741,1730,1850,80,11,345,0
1609,1540,1700,80,29,345,1
913,840,955,75,33,345,1
2215,2200,2315,75,15,345,0
2137,2040,2155,75,57,345,1
624,625,740,75,-1,345,0
1100,1020,1145,85,40,345,1
1313,1255,1415,80,18,345,1
1415,1350,1510,80,25,345,1
1108,1110,1230,80,-2,345,0
1348,1330,1435,65,18,258,1
1221,1220,1325,65,1,258,0
2140,2050,2150,60,50,258,1
805,805,905,60,0,258,0
1643,1625,1735,70,18,258,1
946,940,1045,65,6,258,0
1915,1905,2005,60,10,258,0
1839,1740,1840,60,59,258,1
2207,2125,2225,60,42,258,1
1503,1425,1530,65,38,258,1
1613,1515,1615,60,58,258,1
2248,2155,2255,60,53,258,1
612,615,715,60,-3,258,0
1118,1110,1215,65,8,258,0
1456,1445,1920,155,11,1069,0
2022,1935,5,150,47,1069,1
1049,1040,1510,150,9,1069,0
753,750,1220,150,3,1069,0
1831,1810,45,215,21,1624,1
1704,1645,1930,165,19,866,1
2017,2005,2245,160,12,866,0
639,640,925,165,-1,866,0
1117,1050,1330,160,27,866,1
1426,1355,1530,95,31,414,1
1009,910,1045,95,59,414,1
2021,1700,1835,95,201,414,1
2025,1905,2040,95,80,414,1
603,605,740,95,-2,414,0
2301,2105,2240,95,116,414,1
1518,1215,1350,95,183,414,1
1307,1235,1400,85,32,386,1
615,610,730,80,5,386,0
2017,1945,2105,80,32,386,1
1855,1855,2020,85,0,386,0
2114,2040,2200,80,34,386,1
1605,1520,1645,85,45,386,1
956,1000,1125,85,-4,386,0
731,730,855,85,1,386,0
1734,1655,1820,85,39,386,1
1139,1100,1320,80,39,368,1
2104,1905,2120,75,119,368,1
919,830,1050,80,49,368,1
2113,2050,2305,75,23,368,1
1712,1555,1820,85,77,368,1
1419,1355,1615,80,24,368,1
2242,2140,2355,75,62,368,1
611,615,835,80,-4,368,0
1949,1910,2035,85,39,397,1
1409,1350,1520,90,19,397,1
637,640,805,85,-3,397,0
1821,1730,1855,85,51,397,1
916,905,1035,90,11,397,0
1134,1115,1250,95,19,397,1
1527,1515,1645,90,12,397,0
2115,2100,2225,85,15,397,0
1934,1935,2035,60,-1,226,0
1305,1305,1410,65,0,226,0
1917,1820,1925,65,57,226,1
1125,1010,1110,60,75,226,1
1505,1500,1605,65,5,226,0
747,750,850,60,-3,226,0
1143,1050,1600,190,53,1372,1
1558,1530,2040,190,28,1372,1
1940,1855,2355,180,45,1372,1
1820,1725,35,250,55,1984,1
1143,1035,1505,150,68,1076,1
2211,2115,2330,75,56,365,1
1821,1725,1940,75,56,365,1
715,720,935,75,-5,365,0
1341,1320,1535,75,21,365,1
2108,2030,2240,70,38,365,1
1118,1050,1305,75,28,365,1
1735,1710,1955,105,25,677,1
2105,2025,2310,105,40,677,1
1328,1315,1600,105,13,677,0
944,940,1225,105,4,677,0
1024,1015,1505,170,9,1242,0
820,815,1400,225,5,1797,0
1632,1540,2125,225,52,1797,1
1327,1255,1840,225,32,1797,1
1330,1320,1615,115,10,714,0
1925,1735,2025,110,110,714,1
1005,945,1235,110,20,714,1
1149,1145,1650,185,4,1390,0
1742,1625,2125,180,77,1390,1
807,805,1310,185,2,1390,0
2020,1935,35,180,45,1390,1
1501,1425,1530,65,36,236,1
1205,1135,1240,65,30,236,1
1652,1640,1745,65,12,236,0
922,855,1000,65,27,236,1
1835,1740,1840,60,55,236,1
1027,1015,1120,65,12,236,0
626,625,730,65,1,236,0
1533,1530,1635,65,3,236,0
1910,1845,1950,65,25,236,1
744,740,840,60,4,236,0
2109,2100,2205,65,9,236,0
2237,2140,2245,65,57,236,1
2025,1955,2055,60,30,236,1
1423,1335,1440,65,48,236,1
1337,1310,1825,195,27,1363,1
1142,1125,1640,195,17,1363,1
1928,1835,2345,190,53,1363,1
634,630,1140,190,4,1363,0
1713,1625,2215,230,48,1750,1
853,850,1440,230,3,1750,0
1255,1240,1835,235,15,1750,0
1453,1445,2040,235,8,1750,0
1001,945,1540,235,16,1750,1
630,625,1220,235,5,1750,0
1831,1755,2350,235,36,1750,1
1030,1000,1115,75,30,337,1
2004,1900,2015,75,64,337,1
923,900,1015,75,23,337,1
1419,1400,1515,75,19,337,1
1522,1500,1615,75,22,337,1
1803,1730,1845,75,33,337,1
2146,2100,2215,75,46,337,1
2001,1930,2045,75,31,337,1
1827,1800,1915,75,27,337,1
1904,1830,1945,75,34,337,1
1450,1430,1545,75,20,337,1
1722,1700,1815,75,22,337,1
1820,1630,1745,75,110,337,1
NA,1100,1215,75,NA,337,NA
1623,1600,1715,75,23,337,1
2008,2000,2115,75,8,337,0
1301,1300,1415,75,1,337,0
601,600,720,80,1,337,0
808,800,915,75,8,337,0
1206,1200,1315,75,6,337,0
700,700,815,75,0,337,0
1609,1600,1815,75,9,370,0
1811,1725,1940,75,46,370,1
815,815,1030,75,0,370,0
600,600,815,75,0,370,0
1851,1830,2045,75,21,370,1
2020,1905,2115,70,75,370,1
1204,1150,1405,75,14,370,0
2116,2040,2250,70,36,370,1
1556,1440,1655,75,76,370,1
1040,1005,1220,75,35,370,1
940,920,1135,75,20,370,1
1419,1335,1550,75,44,370,1
635,635,850,75,0,370,0
1738,1720,1835,75,18,390,1
853,845,1005,80,8,390,0
1422,1400,1520,80,22,390,1
1159,1150,1635,165,9,1210,0
708,710,835,85,-2,337,0
NA,905,1025,80,NA,337,NA
2321,1955,2115,80,206,337,1
NA,1620,1740,80,NA,337,NA
2008,1805,1930,85,123,337,1
1625,1430,1550,80,115,337,1
1305,1050,1210,80,135,337,1
1558,1245,1405,80,193,337,1
1600,1455,1600,65,65,308,1
1556,1525,1630,65,31,308,1
2056,2000,2105,65,56,308,1
616,615,720,65,1,308,0
1159,1130,1235,65,29,308,1
2140,2035,2140,65,65,308,1
1455,1425,1530,65,30,308,1
908,910,1015,65,-2,308,0
1925,1825,1930,65,60,308,1
NA,1930,2035,65,NA,308,NA
740,740,850,70,0,308,0
1311,1240,1350,70,31,308,1
1014,1000,1105,65,14,308,0
1709,1700,1805,65,9,308,0
1357,1330,1615,105,27,590,1
1114,1045,1330,105,29,590,1
652,650,940,110,2,590,0
2117,2010,2255,105,67,590,1
1742,1650,1935,105,52,590,1
1108,1100,1220,80,8,373,0
821,810,930,80,11,373,0
2013,1910,2025,75,63,373,1
609,610,735,85,-1,373,0
949,900,1020,80,49,373,1
2215,2125,2245,80,50,373,1
1524,1505,1620,75,19,373,1
1441,1350,1510,80,51,373,1
1743,1715,1830,75,28,373,1
2049,2035,2155,80,14,373,0
1725,1655,2225,210,30,1593,1
1356,1345,1600,75,11,451,0
2005,1850,2105,75,75,451,1
725,725,940,75,0,451,0
1658,1655,1910,75,3,451,0
1052,1040,1300,80,12,451,0
2110,2040,2300,80,30,451,1
1910,1910,1915,65,0,289,0
1825,1745,1850,65,40,341,1
652,655,800,65,-3,341,0
840,840,940,60,0,293,0
1016,1010,1110,60,6,293,0
1402,1340,1440,60,22,293,1
1652,1640,1740,60,12,293,0
611,615,715,60,-4,293,0
1825,1815,1915,60,10,293,0
1606,1525,1625,60,41,293,1
2007,2010,2110,60,-3,293,0
915,915,915,60,0,295,0
1152,1155,1210,135,-3,775,0
1654,1550,1900,130,64,912,1
703,705,810,65,-2,296,0
1516,1500,1605,65,16,296,1
1752,1705,1810,65,47,296,1
1251,1235,1340,65,16,296,1
1108,1100,1205,65,8,296,0
2029,1950,2055,65,39,296,1
806,805,910,65,1,296,0
1417,1405,1530,85,12,393,0
1319,1310,1440,210,9,1295,0
1051,1035,1215,100,16,544,1
730,730,945,195,0,1136,0
1846,1815,1920,65,31,296,1
642,640,745,65,2,296,0
1615,1130,1135,65,285,332,1
730,735,835,60,-5,294,0
1852,1830,1925,55,22,294,1
1602,1535,1635,60,27,319,1
1836,1805,1905,60,31,319,1
1956,1945,2045,60,11,319,0
944,915,1015,60,29,319,1
625,630,730,60,-5,319,0
1306,1305,1405,60,1,319,0
702,705,820,75,-3,441,0
1625,1450,1605,75,95,441,1
1739,1730,1750,140,9,796,0
1905,1850,2000,130,15,718,0
856,850,1000,130,6,718,0
811,810,935,85,1,491,0
1159,1150,1310,80,9,491,0
2130,2115,2235,80,15,491,0
1708,1710,1835,85,-2,491,0
646,645,1005,140,1,967,0
1404,1350,1710,140,14,967,0
1958,1930,2250,140,28,967,1
726,725,900,95,1,461,0
937,910,1040,90,27,461,1
1251,1235,1405,90,16,461,1
2009,1910,2040,90,59,461,1
1602,1605,1735,90,-3,461,0
2102,2100,2230,90,2,461,0
1101,1055,1145,110,6,533,0
1917,1855,1940,105,22,533,1
1502,1440,1525,105,22,533,1
643,630,720,110,13,533,0
1038,1010,1230,80,28,451,1
1920,1850,2110,80,30,451,1
1429,1420,1535,195,9,1140,0
1211,1210,1320,190,1,1140,0
1801,1725,1835,190,36,1140,1
725,655,810,195,30,1140,1
903,900,1010,190,3,1140,0
2016,2020,2130,190,-4,1140,0
1751,1720,1905,225,31,1363,1
645,635,820,225,10,1363,0
1518,1455,1640,225,23,1363,1
1029,1025,1205,220,4,1363,0
1922,1850,2225,155,32,1072,1
1252,1245,1625,160,7,1072,0
723,705,1050,165,18,1072,1
1550,1545,1705,80,5,405,0
2229,2100,2215,75,89,405,1
848,835,955,80,13,405,0
1811,1805,1925,80,6,405,0
1028,1010,1130,80,18,405,1
617,615,735,80,2,405,0
712,715,835,80,-3,405,0
1330,1330,1450,80,0,405,0
1631,1630,1750,80,1,405,0
1430,1430,1545,75,0,405,0
1215,1215,1335,80,0,405,0
2014,1935,2055,80,39,405,1
901,900,1100,240,1,1489,0
1548,1530,1735,245,18,1489,1
621,620,730,70,1,313,0
1130,1120,1225,65,10,313,0
2135,2125,2235,70,10,313,0
1804,1700,1810,70,64,313,1
1309,1230,1425,235,39,1481,1
654,640,845,185,14,1044,0
1644,1635,1830,175,9,1044,0
2128,2025,2220,175,63,1044,1
1108,1045,1240,175,23,1044,1
1654,1655,1830,215,-1,1333,0
811,755,935,220,16,1333,1
1518,1430,1640,250,48,1489,1
1911,1850,2045,235,21,1442,1
625,625,720,55,0,237,0
1537,1450,1545,55,47,237,1
2037,2020,2115,55,17,237,1
901,905,1000,55,-4,237,0
1929,1835,1930,55,54,237,1
1202,1200,1255,55,2,237,0
1407,1405,1740,155,2,1048,0
818,805,1135,150,13,1048,0
1605,1440,1535,55,85,223,1
1102,1030,1125,55,32,223,1
1901,1810,1905,55,51,223,1
1331,1245,1455,250,46,1552,1
810,805,1015,250,5,1552,0
2002,1955,2235,160,7,1073,0
1317,1300,1540,160,17,1073,1
832,830,1110,160,2,1073,0
1315,1300,1500,180,15,993,0
1648,1645,1920,155,3,1050,0
1057,1030,1305,155,27,1050,1
729,725,1005,160,4,1050,0
727,715,750,95,12,478,0
1705,1655,1730,95,10,478,0
1321,1255,1330,95,26,478,1
1022,1015,1115,120,7,616,0
1845,1845,1940,115,0,616,0
1404,1400,1500,120,4,616,0
1740,1715,1815,120,25,616,1
643,630,725,115,13,616,0
656,650,925,155,6,1011,0
1446,1445,1720,155,1,1011,0
1931,1910,2145,155,21,1011,1
644,640,845,125,4,787,0
932,930,1135,125,2,787,0
2001,2005,2210,125,-4,787,0
730,720,925,125,10,787,0
1727,1710,1920,130,17,787,1
1914,1755,2005,130,79,787,1
1346,1335,1540,125,11,787,0
1506,1500,1705,125,6,787,0
1035,1025,1230,125,10,787,0
1518,1520,1745,145,-2,895,0
1124,1110,1335,145,14,895,0
714,710,925,135,4,802,0
1928,1910,2125,135,18,802,1
1336,1330,1545,135,6,802,0
1544,1525,1740,255,19,1545,1
705,700,910,250,5,1545,0
1109,1055,1335,160,14,957,0
1654,1625,1905,160,29,957,1
2103,2055,2155,60,8,178,0
1957,1850,1950,60,67,178,1
1328,1325,1425,60,3,178,0
1012,950,1050,60,22,178,1
715,715,810,55,0,178,0
1713,1700,1800,60,13,178,0
622,615,755,160,7,848,0
1509,1420,1600,160,49,848,1
1100,1040,1220,160,20,848,1
1806,1740,1920,160,26,848,1
2105,2045,2225,160,20,848,1
809,800,1010,130,9,758,0
1234,1220,1425,125,14,758,0
1139,1140,1405,145,-1,828,0
1912,1840,2105,145,32,828,1
2100,2030,2255,145,30,972,1
1602,1550,1815,145,12,972,0
847,845,1110,145,2,972,0
1103,1100,1330,150,3,972,0
1942,1840,2105,145,62,972,1
1510,1355,1620,145,75,972,1
1642,1610,1705,115,32,587,1
1024,1015,1230,315,9,2039,0
1243,1155,1400,185,48,1072,1
1629,1620,1825,185,9,1072,0
642,630,830,180,12,1072,0
1812,1705,1855,170,67,989,1
1840,1805,1955,170,35,989,1
622,615,805,170,7,989,0
1055,935,1125,170,80,989,1
823,820,1010,170,3,989,0
1510,1510,1700,170,0,989,0
1214,1210,1355,165,4,989,0
2206,2105,2250,165,61,989,1
1236,1235,1525,170,1,1142,0
1801,1745,2035,170,16,1142,1
636,630,915,165,6,1142,0
2108,2045,2330,165,23,1142,1
1034,1035,1325,170,-1,1142,0
1635,1630,1725,115,5,550,0
749,735,830,115,14,550,0
1028,1030,1125,115,-2,550,0
1930,1920,2015,115,10,550,0
956,945,1135,110,11,655,0
1524,1500,1650,110,24,655,1
1733,1715,1950,155,18,861,1
1421,1415,1645,150,6,861,0
1137,1115,1340,145,22,861,1
919,920,1145,145,-1,861,0
1350,1250,1520,150,60,861,1
2104,2105,2330,145,-1,861,0
1510,1505,1740,155,5,861,0
1730,1620,1920,300,70,1848,1
2041,2035,2255,140,6,834,0
932,930,1145,135,2,834,0
1233,1225,1440,135,8,834,0
2115,2115,2355,160,0,1073,0
1428,1430,1705,155,-2,1073,0
952,950,1230,160,2,1073,0
1759,1755,2035,160,4,1073,0
645,635,915,160,10,1073,0
1146,1145,1425,160,1,1073,0
711,710,845,95,1,534,0
2014,2000,2140,100,14,534,0
1005,955,1130,95,10,534,0
1554,1540,1720,100,14,534,0
1013,955,1045,50,18,133,1
2143,2105,2150,45,38,133,1
1323,1315,1405,50,8,133,0
1803,1755,1845,50,8,133,0
1030,1030,1235,185,0,1040,0
1518,1505,1710,185,13,1040,0
951,945,1155,130,6,718,0
1440,1425,1635,130,15,718,0
1314,1250,1425,155,24,880,1
752,745,925,160,7,880,0
2230,2035,2210,155,115,880,1
1629,1535,1710,155,54,880,1
912,910,1115,185,2,1121,0
1625,1550,1800,190,35,1121,1
1051,1020,1305,105,31,717,1
2106,1925,2215,110,101,717,1
759,745,1030,165,14,972,0
2033,1905,2150,165,88,972,1
1930,1900,2200,120,30,777,1
NA,845,1140,115,NA,777,NA
1423,1350,1645,115,33,777,1
1037,1015,1155,100,22,570,1
2238,1945,2125,100,173,570,1
1815,1755,1915,80,20,395,1
1034,1030,1145,75,4,395,0
830,800,920,80,30,395,1
1247,1210,1325,75,37,395,1
1547,1540,1700,80,7,395,0
2156,2035,2155,80,81,395,1
NA,1925,2045,80,NA,395,NA
2221,2110,2225,75,71,395,1
638,615,730,75,23,395,1
839,820,1040,80,19,468,1
1332,1255,1515,80,37,468,1
2057,1955,2215,80,62,468,1
2334,1950,2235,105,224,611,1
1338,1300,1545,105,38,611,1
1533,1515,1800,105,18,611,1
1727,1715,2000,105,12,611,0
904,850,1135,105,14,611,0
1110,1035,1320,105,35,611,1
2245,2125,5,100,80,611,1
602,600,845,105,2,611,0
1847,1825,2035,70,22,307,1
2214,2105,2310,65,69,307,1
929,820,1025,65,69,307,1
1202,1135,1345,70,27,307,1
1527,1410,1620,70,77,307,1
601,600,805,65,1,307,0
1901,1600,1815,75,181,307,1
1055,1055,1300,65,0,284,0
2017,2000,2205,65,17,284,1
2316,2135,2335,60,101,284,1
901,900,1105,65,1,284,0
637,615,815,60,22,284,1
1628,1620,1825,65,8,284,0
1349,1325,1530,65,24,284,1
1758,1730,1935,65,28,284,1
2114,2025,2155,150,49,895,1
1245,1220,1355,155,25,895,1
946,930,1105,155,16,895,1
643,630,805,155,13,895,0
1526,1425,1600,155,61,895,1
1805,1705,1845,160,60,895,1
1238,1200,1405,65,38,229,1
819,800,1000,60,19,229,1
1908,1825,2030,65,43,229,1
1656,1610,1820,70,46,229,1
1015,955,1200,65,20,229,1
1452,1405,1610,65,47,229,1
NA,600,805,65,NA,229,NA
2223,2125,2325,60,58,229,1
1317,1305,1700,175,12,1166,0
1801,1735,2130,175,26,1166,1
939,925,1325,180,14,1166,0
2130,1955,2350,175,95,1166,1
705,630,1030,180,35,1166,1
707,640,925,165,27,937,1
2106,2015,2300,165,51,937,1
916,820,1105,165,56,937,1
1445,1415,1700,165,30,937,1
1149,1115,1400,165,34,937,1
1720,1710,1955,165,10,937,0
2217,2110,2350,100,67,577,1
1653,1650,1930,100,3,577,0
1544,1405,1650,105,99,577,1
1155,1150,1435,105,5,577,0
1939,1915,2155,100,24,577,1
647,640,915,95,7,577,0
1724,1655,1850,55,29,162,1
2212,2105,2255,50,67,162,1
1410,1255,1445,50,75,162,1
725,715,905,50,10,162,0
1033,905,1205,120,88,765,1
1620,1550,1900,130,30,765,1
1308,1245,1555,130,23,765,1
1910,1845,2150,125,25,765,1
2241,1845,2045,120,236,666,1
830,730,925,115,60,666,1
2207,2100,2300,240,67,1521,1
1713,1705,1905,240,8,1521,0
1038,1030,1230,240,8,1521,0
1601,1550,1750,240,11,1521,0
2015,2005,2205,240,10,1521,0
1216,1200,1400,240,16,1521,1
650,615,815,240,35,1521,1
850,740,940,240,70,1521,1
1517,1500,1700,240,17,1521,1
853,830,1030,240,23,1521,1
2011,1925,2125,240,46,1521,1
1508,1430,1630,240,38,1521,1
844,840,1115,275,4,1750,0
732,655,925,270,37,1750,1
2116,2100,2330,270,16,1750,1
1533,1500,1730,270,33,1750,1
1243,1140,1415,275,63,1750,1
1414,1400,1630,270,14,1750,0
1748,1735,2010,275,13,1750,0
1600,1500,1645,105,60,544,1
746,715,840,85,31,405,1
1113,1040,1205,85,33,405,1
1832,1720,1845,85,72,405,1
1422,1245,1410,85,97,405,1
2201,2135,2300,85,26,405,1
915,845,1010,85,30,405,1
950,925,1050,85,25,405,1
623,620,745,85,3,405,0
1947,1935,2100,85,12,405,0
1147,1145,1310,85,2,405,0
1620,1505,1630,85,75,405,1
1714,1620,1745,85,54,405,1
1333,1300,1630,150,33,989,1
621,615,945,150,6,989,0
2059,2005,2335,150,54,989,1
1414,1400,1730,150,14,989,0
825,805,1135,150,20,989,1
1120,1020,1350,150,60,989,1
1804,1710,2040,150,54,989,1
2124,1935,2305,150,109,989,1
2143,2015,2315,120,88,838,1
645,635,935,120,10,838,0
1849,1805,2110,125,44,838,1
1417,1345,1645,120,32,838,1
1103,1040,1340,120,23,838,1
1413,1400,1620,140,13,825,0
954,905,1150,285,49,1844,1
1412,1155,1435,280,137,1844,1
2117,2010,2250,280,67,1844,1
1635,1630,1915,285,5,1844,0
1443,1330,1615,285,73,1844,1
1020,955,1120,85,25,423,1
1429,1235,1400,85,114,423,1
1841,1735,1900,85,66,423,1
709,700,825,85,9,423,0
2239,2115,2240,85,84,423,1
1741,1600,1725,85,101,423,1
1340,1325,1620,115,15,704,0
2041,1915,2210,115,86,704,1
855,835,1105,270,20,1751,1
1921,1835,2105,270,46,1751,1
1548,1540,1850,130,8,668,0
633,630,925,115,3,668,0
1305,1245,1545,120,20,668,1
2047,1845,2145,120,122,668,1
1812,1715,2025,130,57,668,1
618,600,855,115,18,668,1
955,935,1230,115,20,668,1
2205,2135,25,110,30,668,1
833,815,1105,230,18,1444,1
656,645,940,235,11,1444,0
1608,1510,1805,235,58,1444,1
2126,2010,2300,230,76,1444,1
1757,1725,2020,235,32,1444,1
1310,1245,1540,235,25,1444,1
2234,2130,15,225,64,1444,1
1038,1010,1300,230,28,1444,1
2146,2050,2305,75,56,402,1
750,730,950,80,20,402,1
1542,1515,1730,75,27,402,1
1147,1115,1330,75,32,402,1
1852,1755,2010,75,57,402,1
621,620,840,80,1,402,0
652,650,955,125,2,842,0
2154,2030,2335,125,84,842,1
1253,1235,1540,125,18,842,1
1853,1815,2120,125,38,842,1
1555,1515,1805,110,40,632,1
1229,1210,1455,105,19,632,1
2103,2020,2300,100,43,632,1
726,705,950,105,21,632,1
1523,1435,1650,255,48,1680,1
1212,1210,1600,170,2,1105,0
2058,1955,2340,165,63,1105,1
1138,915,1305,170,143,1105,1
1341,1240,1505,265,61,1728,1
720,630,855,265,50,1728,1
914,820,1045,265,54,1728,1
1457,1430,1655,265,27,1728,1
1933,1835,2100,265,58,1728,1
822,750,1045,175,32,1036,1
2112,1845,2140,175,147,1036,1
2241,2055,2300,65,106,271,1
638,625,830,65,13,271,0
1835,1755,2000,65,40,271,1
1424,1355,1600,65,29,271,1
1110,1055,1300,65,15,271,0
2140,2000,2230,270,100,1733,1
1110,1040,1310,270,30,1733,1
824,755,1025,270,29,1733,1
2131,1915,2205,290,136,1855,1
1736,1305,1555,290,271,1855,1
1319,950,1240,290,209,1855,1
824,735,1020,285,49,1838,1
1900,1815,2100,285,45,1838,1
1024,925,1155,210,59,1258,1
1725,1640,1910,210,45,1258,1
2052,1930,2200,270,82,1790,1
840,825,1055,270,15,1790,0
1138,1000,1105,65,98,251,1
1802,1755,1900,65,7,251,0
2208,2125,2225,60,43,251,1
1934,1855,2000,65,39,251,1
734,730,830,60,4,251,0
1558,1555,1700,65,3,251,0
NA,1110,1215,65,NA,251,NA
634,625,725,60,9,251,0
822,805,910,65,17,251,1
NA,1445,1550,65,NA,251,NA
1754,1655,1800,65,59,251,1
1355,1305,1410,65,50,251,1
1806,1740,2115,155,26,997,1
911,845,1220,155,26,997,1
1412,1350,1720,150,22,997,1
2221,2050,20,150,91,997,1
634,620,950,150,14,997,0
1841,1625,2000,155,136,997,1
1100,1040,1410,150,20,997,1
1149,1105,1350,225,44,1440,1
2015,1845,2130,225,90,1440,1
1216,1150,1325,95,26,377,1
736,720,855,95,16,377,1
1858,1900,2035,95,-2,377,0
1044,1010,1145,95,34,377,1
2211,2130,2300,90,41,377,1
608,610,745,95,-2,377,0
855,855,1025,90,0,377,0
1512,1445,1620,95,27,377,1
1755,1715,1850,95,40,377,1
1618,1555,1730,95,23,377,1
1404,1305,1435,90,59,377,1
754,645,950,365,69,2356,1
1206,1135,1500,205,31,1142,1
1005,940,1305,205,25,1142,1
1909,1650,2010,200,139,1142,1
641,640,1005,205,1,1142,0
2332,2115,30,195,137,1142,1
1048,1005,1140,155,43,838,1
2114,2100,2235,155,14,838,0
1824,1750,1925,155,34,838,1
1448,1410,1545,155,38,838,1
627,620,800,160,7,838,0
1740,1630,1800,90,70,290,1
1422,1415,1545,90,7,290,0
716,700,830,90,16,290,1
950,920,1045,85,30,290,1
1300,1210,1340,90,50,290,1
1904,1855,2025,90,9,290,0
1652,1635,2030,355,17,2279,1
946,755,1125,210,111,1204,1
1422,1350,1725,215,32,1204,1
1921,1920,2035,75,1,321,0
1249,1120,1235,75,89,321,1
802,800,915,75,2,321,0
1617,1615,1740,85,2,471,0
735,735,855,80,0,471,0
837,825,1140,135,12,998,0
652,650,815,85,2,437,0
1743,1745,1910,85,-2,437,0
909,855,1020,85,14,437,0
1626,1505,1630,85,81,437,1
1210,1200,1325,85,10,437,0
2037,2035,2200,85,2,437,0
1211,1205,1445,100,6,673,0
1530,1355,1505,70,95,303,1
2007,1930,2040,70,37,303,1
2118,2100,2205,65,18,303,1
1316,1135,1245,70,101,303,1
1708,1645,1755,70,23,303,1
957,945,1055,70,12,303,0
742,740,850,70,2,303,0
1836,1840,1950,70,-4,303,0
906,905,1015,70,1,303,0
1541,1540,1650,70,1,303,0
629,630,740,70,-1,303,0
840,840,1040,240,0,1501,0
1645,1635,1835,240,10,1501,0
627,625,905,100,2,550,0
1417,1400,1640,100,17,550,1
2022,2010,2245,95,12,550,0
1147,1145,1425,100,2,550,0
1740,1645,1855,130,55,825,1
1324,1230,1510,220,54,1301,1
1614,1610,1830,80,4,487,0
1406,1240,1505,85,86,487,1
638,630,855,85,8,487,0
1148,1055,1410,135,53,889,1
701,700,1015,135,1,889,0
1938,1920,2230,130,18,889,1
1152,1120,1730,250,32,1959,1
1051,1010,1240,90,41,511,1
1953,1935,2200,85,18,511,1
1632,1615,1720,65,17,325,1
2000,1855,2000,65,65,325,1
1502,1445,1550,65,17,325,1
1229,1135,1240,65,54,325,1
2051,2015,2120,65,36,325,1
938,930,1035,65,8,325,0
NA,1705,1810,65,NA,325,NA
700,700,805,65,0,325,0
1628,1520,1625,65,68,325,1
NA,1310,1415,65,NA,325,NA
1033,1035,1140,65,-2,325,0
1816,1750,1855,65,26,325,1
1243,1220,1325,65,23,325,1
2059,1930,2035,65,89,325,1
853,855,1000,65,-2,325,0
2146,2050,2155,65,56,325,1
817,805,910,65,12,325,0
1322,1310,1635,145,12,957,0
1740,1650,2015,145,50,957,1
2010,1910,2235,145,60,957,1
642,630,955,145,12,957,0
1031,1015,1340,145,16,957,1
2155,1940,2140,120,135,723,1
1004,935,1135,120,29,723,1
1620,1520,2100,220,60,1642,1
1055,1050,1630,220,5,1642,0
1623,1500,1625,85,83,407,1
2154,2040,2205,85,74,407,1
1322,1245,1410,85,37,407,1
701,700,825,85,1,407,0
1012,1010,1135,85,2,407,0
834,830,955,85,4,407,0
2059,1945,2105,80,74,407,1
627,630,755,85,-3,407,0
1504,1355,1520,85,69,407,1
1140,1125,1250,85,15,407,0
1615,1540,1705,85,35,407,1
1647,1630,1755,85,17,407,1
2142,2120,2245,85,22,407,1
1816,1745,1910,85,31,407,1
1209,1200,1315,75,9,337,0
928,900,1020,80,28,337,1
700,700,815,75,0,337,0
1551,1530,1645,75,21,337,1
2015,2000,2120,80,15,337,0
837,830,945,75,7,337,0
729,730,845,75,-1,337,0
NA,1500,1615,75,NA,337,NA
NA,1300,1415,75,NA,337,NA
1821,1730,1845,75,51,337,1
1426,1400,1515,75,26,337,1
2221,2100,2215,75,81,337,1
1937,1830,1945,75,67,337,1
1730,1600,1715,75,90,337,1
600,600,715,75,0,337,0
1731,1700,1815,75,31,337,1
1000,1000,1115,75,0,337,0
1122,1100,1215,75,22,337,1
808,800,915,75,8,337,0
1827,1800,1915,75,27,337,1
1935,1900,2015,75,35,337,1
814,755,1320,205,19,1489,1
1433,1340,1905,205,53,1489,1
908,905,1505,240,3,1844,0
1519,1425,2025,240,54,1844,1
615,610,1215,245,5,1844,0
1358,1210,1815,245,108,1844,1
1943,1715,2310,235,148,1844,1
1456,1445,1555,70,11,361,0
1119,1115,1225,70,4,361,0
2115,2000,2115,75,75,361,1
2217,2050,2205,75,87,361,1
1812,1705,1820,75,67,361,1
1323,1245,1400,75,38,361,1
1932,1850,2005,75,42,361,1
845,845,1000,75,0,361,0
NA,955,1110,75,NA,361,NA
610,610,725,75,0,361,0
731,730,845,75,1,361,0
1550,1540,1655,75,10,361,0
912,915,1055,100,-3,543,0
1743,1650,1830,100,53,543,1
621,615,755,100,6,543,0
2238,2115,2255,100,83,543,1
2022,1940,2120,100,42,543,1
1222,1215,1355,100,7,543,0
2230,2050,2340,110,100,646,1
1652,1635,1930,115,17,646,1
1317,1300,1550,110,17,646,1
859,855,1145,110,4,646,0
2015,1815,2110,115,120,646,1
1209,1125,1415,110,44,646,1
614,615,910,115,-1,646,0
1727,1605,1655,50,82,180,1
2050,2040,2130,50,10,180,0
748,740,830,50,8,180,0
1330,1255,1345,50,35,180,1
1736,1650,1815,85,46,446,1
617,615,740,85,2,446,0
758,800,925,85,-2,446,0
1257,1250,1410,80,7,446,0
1457,1430,1550,80,27,446,1
1013,955,1120,85,18,446,1
1213,1140,1305,85,33,446,1
1813,1745,1910,85,28,446,1
1945,1930,2055,85,15,446,0
NA,1550,1715,85,NA,446,NA
1421,1330,1455,85,51,446,1
1651,1620,1745,85,31,446,1
738,730,855,85,8,446,0
2056,2010,2135,85,46,446,1
659,700,825,85,-1,446,0
NA,1855,2020,85,NA,446,NA
1044,1040,1205,85,4,446,0
840,835,1000,85,5,446,0
1503,1415,1615,120,48,671,1
1223,1145,1345,120,38,671,1
801,800,1000,120,1,671,0
1800,1735,1935,120,25,671,1
1745,1655,1855,120,50,671,1
2153,2055,2255,120,58,671,1
944,945,1145,120,-1,671,0
618,620,825,125,-2,671,0
1325,1300,1540,100,25,588,1
2120,2030,2310,100,50,588,1
655,655,945,110,0,588,0
1039,1015,1300,105,24,588,1
1741,1640,1920,100,61,588,1
1857,1850,2010,80,7,371,0
2118,2105,2225,80,13,371,0
1716,1630,1750,80,46,371,1
NA,1045,1205,80,NA,371,NA
1325,1220,1340,80,65,371,1
741,745,910,85,-4,371,0
605,605,730,85,0,371,0
837,840,1000,80,-3,371,0
1445,1405,1525,80,40,371,1
1844,1810,2125,135,34,747,1
908,900,1250,170,8,1180,0
1157,1200,1250,50,-3,181,0
1009,1010,1100,50,-1,181,0
1701,1655,1745,50,6,181,0
1940,1930,2020,50,10,181,0
620,625,715,50,-5,181,0
1128,1130,1205,95,-2,495,0
1948,1910,1945,95,38,495,1
755,755,915,80,0,419,0
1252,1245,1405,80,7,419,0
1559,1600,1720,80,-1,419,0
1944,1830,1950,80,74,419,1
1347,1340,1425,165,7,987,0
645,645,750,65,0,313,0
1452,1455,1600,65,-3,313,0
1914,1855,2000,65,19,313,1
1042,1040,1145,65,2,313,0
1717,1625,1750,145,52,833,1
1403,1305,1430,145,58,833,1
839,835,1005,150,4,833,0
1658,1630,1750,80,28,462,1
737,735,855,80,2,462,0
1726,1720,1820,180,6,1099,0
655,655,755,180,0,1099,0
1247,1245,1345,180,2,1099,0
2023,1920,2040,80,63,423,1
857,850,1010,80,7,423,0
1618,1430,1550,80,108,423,1
1121,1105,1225,80,16,423,1
611,610,730,80,1,423,0
1925,1750,1910,80,95,423,1
2045,1905,2100,175,100,1037,1
1208,1145,1340,175,23,1037,1
633,625,820,175,8,1037,0
1925,1820,1925,65,65,342,1
750,750,855,65,0,342,0
958,1000,1105,65,-2,342,0
1417,1415,1520,65,2,342,0
1117,1050,1630,220,27,1751,1
1523,1455,1555,60,28,197,1
1718,1615,1715,60,63,197,1
1008,915,1015,60,53,197,1
2120,2100,2200,60,20,197,1
815,815,915,60,0,197,0
1035,1030,1130,60,5,197,0
1300,1250,1350,60,10,197,0
1755,1730,1830,60,25,197,1
615,610,710,60,5,197,0
1916,1850,1950,60,26,197,1
823,825,945,80,-2,361,0
1007,1005,1120,75,2,361,0
1302,1250,1405,75,12,361,0
1604,1555,1710,75,9,361,0
1531,1425,1540,75,66,361,1
2110,2030,2145,75,40,361,1
2150,2125,2240,75,25,361,1
600,600,720,80,0,361,0
NA,1135,1250,75,NA,361,NA
1959,1920,2035,75,39,361,1
704,710,830,80,-6,361,0
1734,1720,1835,75,14,361,0
1628,1625,1835,70,3,325,0
1203,1205,1415,70,-2,325,0
1123,1120,1330,70,3,325,0
956,955,1205,70,1,325,0
1751,1745,1955,70,6,325,0
1947,1840,2045,65,67,325,1
610,610,820,70,0,325,0
1528,1445,1655,70,43,325,1
2158,2115,2320,65,43,325,1
912,910,1120,70,2,325,0
750,740,950,70,10,325,0
1414,1400,1610,70,14,325,0
1820,1820,1930,70,0,333,0
625,625,735,70,0,333,0
1743,1725,1835,70,18,333,1
1215,1145,1255,70,30,333,1
958,950,1100,70,8,333,0
745,745,900,75,0,333,0
1341,1340,1450,70,1,333,0
1603,1515,1625,70,48,333,1
2134,2050,2200,70,44,333,1
717,715,835,80,2,389,0
2248,2135,2250,75,73,389,1
1628,1610,1730,80,18,389,1
1203,1155,1310,75,8,389,0
1823,1800,1920,80,23,389,1
1415,1410,1525,75,5,389,0
1946,1925,2045,80,21,389,1
1357,1335,1455,80,22,389,1
1044,1040,1200,80,4,389,0
619,615,735,80,4,389,0
2046,2010,2130,80,36,389,1
852,855,1015,80,-3,389,0
2011,2015,2105,50,-4,159,0
1753,1720,1810,50,33,159,1
1433,1420,1510,50,13,159,0
1031,1010,1100,50,21,159,1
749,720,810,50,29,159,1
816,655,840,105,81,543,1
1711,1640,1825,105,31,543,1
1314,1210,1445,335,64,2155,1
1016,915,1120,125,61,655,1
1851,1835,2040,125,16,655,1
636,630,750,140,6,704,0
1659,1650,1805,135,9,704,0
1437,1320,1535,135,77,717,1
2042,1950,2210,140,52,883,1
649,645,905,140,4,883,0
1637,1600,1825,145,37,883,1
1049,1050,1310,140,-1,883,0
723,720,1000,160,3,1052,0
1908,1840,2115,155,28,1052,1
1147,1145,1425,160,2,1052,0
1508,1455,1730,155,13,951,0
752,750,1025,155,2,951,0
1812,1805,1855,50,7,174,0
1006,1010,1100,50,-4,174,0
1441,1400,1450,50,41,174,1
635,635,725,50,0,174,0
1106,1045,1415,150,21,1111,1
1338,1320,1525,65,18,344,1
637,635,840,65,2,344,0
1632,1610,1810,60,22,344,1
816,815,915,60,1,279,0
1619,1525,1620,55,54,279,1
1312,1255,1355,60,17,279,1
2132,2050,2150,60,42,279,1
911,905,1110,125,6,762,0
2054,2035,2235,120,19,762,1
1546,1500,1705,125,46,762,1
1111,1055,1300,125,16,762,1
1016,1015,1535,200,1,1481,0
737,735,1330,235,2,1751,0
1431,1335,1925,230,56,1751,1
2154,2025,2205,100,89,543,1
1950,1840,2025,105,70,543,1
1437,1425,1605,100,12,543,0
612,610,755,105,2,543,0
1207,1140,1320,100,27,543,1
825,825,1010,105,0,543,0
1119,1105,1435,150,14,1009,0
2000,1850,2220,150,70,1009,1
626,620,955,155,6,1009,0
940,940,1100,80,0,444,0
2056,1940,2055,75,76,444,1
601,600,720,80,1,444,0
1440,1420,1540,80,20,444,1
2009,1925,2110,105,44,569,1
700,700,850,110,0,569,0
1628,1550,1735,105,38,569,1
1152,1135,1320,105,17,569,1
1808,1740,2025,105,28,630,1
1056,1045,1330,105,11,630,0
722,705,950,105,17,630,1
1324,1315,1440,85,9,479,0
650,650,815,85,0,479,0
842,835,1000,85,7,479,0
1137,1120,1245,85,17,479,1
2100,1840,2005,85,140,479,1
2127,2045,2210,85,42,479,1
1534,1515,1640,85,19,479,1
1816,1805,1935,150,11,675,0
648,645,805,140,3,675,0
1321,1310,1440,150,11,675,0
2017,2010,2155,105,7,405,0
1449,1435,1615,100,14,405,0
639,640,820,100,-1,405,0
1225,1205,1510,185,20,992,1
1914,1845,2145,180,29,992,1
931,850,1155,185,41,992,1
1118,1040,1340,240,38,1335,1
1807,1735,2035,240,32,1335,1
802,800,1030,150,2,742,0
1937,1915,2135,140,22,742,1
933,935,1220,345,-2,2176,0
1448,1410,1655,345,38,2176,1
610,610,855,165,0,861,0
1702,1545,1825,160,77,861,1
959,940,1235,175,19,861,1
1820,1755,2040,165,25,861,1
1308,1310,1550,160,-2,861,0
2122,2045,2330,165,37,861,1
1049,1035,1330,175,14,861,0
710,710,830,140,0,668,0
1528,1505,1630,145,23,668,1
620,620,740,140,0,668,0
2109,2040,2205,145,29,668,1
1932,1905,2030,145,27,668,1
1631,1620,1745,145,11,668,0
1008,945,1110,145,23,668,1
1314,1255,1410,135,19,668,1
1016,1010,1130,80,6,290,0
1713,1710,1835,85,3,290,0
1544,1500,1610,70,44,290,1
744,745,900,75,-1,290,0
2021,2010,2135,85,11,290,0
1240,1240,1350,70,0,290,0
1605,1520,1815,175,45,951,1
846,825,1120,175,21,951,1
1656,1630,2005,335,26,2075,1
1107,1045,1425,340,22,2075,1
1738,1635,1750,75,63,267,1
1915,1915,2040,85,0,267,0
1429,1315,1430,75,74,267,1
2148,2120,2240,80,28,267,1
1100,1050,1205,75,10,267,0
610,615,730,75,-5,267,0
938,915,1035,80,23,267,1
2034,1955,2100,65,39,238,1
1246,1205,1315,70,41,238,1
655,655,805,70,0,238,0
1442,1415,1520,65,27,238,1
1723,1715,1825,70,8,238,0
1930,1825,2000,95,65,336,1
630,630,800,90,0,336,0
1536,1535,1700,85,1,336,0
849,835,1000,85,14,336,0
1138,1110,1250,100,28,336,1
2043,2045,2220,95,-2,336,0
1614,1615,1920,185,-1,992,0
959,1005,1300,175,-6,920,0
2010,1925,2220,175,45,920,1
1449,1405,1655,170,44,920,1
626,620,915,175,6,920,0
717,715,815,60,2,328,0
2235,2155,2255,60,40,328,1
1438,1405,1505,60,33,328,1
1230,1230,1335,65,0,328,0
1841,1720,1825,65,81,328,1
1121,1110,1220,70,11,328,0
2010,1955,2100,65,15,328,0
1504,1450,1550,60,14,328,0
1658,1630,1730,60,28,328,1
955,950,1050,60,5,328,0
811,810,915,65,1,328,0
1113,1105,1420,135,8,872,0
2022,2015,2320,125,7,872,0
1621,1600,1910,130,21,872,1
858,840,1150,130,18,872,1
1957,1935,2340,185,22,1455,1
2045,2005,15,190,40,1448,1
640,640,1050,190,0,1448,0
1709,1555,2005,190,74,1448,1
1321,1255,1710,195,26,1448,1
956,950,1600,250,6,1912,0
1457,1340,1405,85,77,369,1
936,935,1005,90,1,369,0
1553,1545,1605,80,8,369,0
1836,1750,1810,80,46,369,1
1933,1835,1855,80,58,369,1
1121,1055,1125,90,26,369,1
808,800,825,85,8,369,0
2032,2010,2035,85,22,369,1
2255,2135,2155,80,80,369,1
721,720,745,85,1,369,0
1122,1105,1725,260,17,1999,1
701,700,1310,250,1,1999,0
1223,1210,1820,250,13,1999,0
1523,1445,2055,250,38,1999,1
923,905,1440,215,18,1671,1
931,930,1115,105,1,602,0
2105,1945,2130,105,80,602,1
636,635,820,105,1,602,0
1329,1320,1505,105,9,602,0
1548,1540,1720,100,8,602,0
2054,2035,2220,105,19,602,1
1004,950,1540,230,14,1671,0
736,740,845,65,-4,347,0
1331,1305,1410,65,26,347,1
1935,1900,2005,65,35,347,1
1515,1500,1605,65,15,347,0
1728,1720,1825,65,8,347,0
2227,2135,2240,65,52,347,1
1023,1020,1125,65,3,347,0
1257,1250,1620,150,7,1020,0
1648,1615,1940,145,33,1020,1
614,615,940,145,-1,1020,0
2211,2000,2320,140,131,1020,1
924,915,1250,155,9,1020,0
1112,1055,1625,210,17,1489,1
1802,1725,2245,200,37,1489,1
1343,1345,1350,65,-2,256,0
1616,1615,1620,65,1,256,0
645,645,645,60,0,256,0
1527,1505,1505,60,22,256,1
842,830,840,70,12,256,0
1706,1650,1655,65,16,256,1
1743,1720,1725,65,23,256,1
1956,2000,2005,65,-4,256,0
1932,1900,1900,60,32,256,1
928,900,910,70,28,256,1
2201,2120,2125,65,41,256,1
1242,1240,1245,65,2,256,0
NA,1435,1440,65,NA,256,NA
742,730,730,60,12,256,0
1550,1545,1550,65,5,256,0
2048,2030,2035,65,18,256,1
1157,1155,1205,70,2,256,0
1007,1010,1020,70,-3,256,0
1619,1540,1600,80,39,370,1
1448,1440,1500,80,8,370,0
1913,1815,1835,80,58,370,1
1940,1915,1935,80,25,370,1
1046,1040,1105,85,6,370,0
2118,2050,2115,85,28,370,1
1205,1205,1230,85,0,370,0
644,645,705,80,-1,370,0
1822,1735,1755,80,47,370,1
1321,1315,1335,80,6,370,0
723,715,735,80,8,370,0
1644,1610,1630,80,34,370,1
1646,1645,1700,75,1,370,0
2010,1955,2330,155,15,1136,0
1908,1900,2230,150,8,1044,0
2230,2105,35,150,85,1044,1
1252,1240,1610,150,12,1044,0
646,650,1020,150,-4,1044,0
1030,1025,1625,240,5,1848,0
2045,2030,45,195,15,1444,0
858,855,1315,200,3,1444,0
1936,1920,2340,200,16,1444,1
1121,1050,1515,205,31,1444,1
1641,1610,2030,200,31,1444,1
1236,1230,1655,205,6,1444,0
1404,1350,1810,200,14,1444,0
555,600,1015,195,-5,1444,0
1157,1145,1830,285,12,2279,0
1216,1215,1605,170,1,1301,0
1813,1715,1820,125,58,646,1
630,630,735,125,0,646,0
1129,1130,1235,125,-1,646,0
1943,1905,2005,120,38,646,1
943,925,1035,130,18,646,1
1502,1455,1600,125,7,646,0
2249,2150,2250,120,59,646,1
831,830,1140,130,1,833,0
2144,2025,2330,125,79,833,1
1239,1235,1540,125,4,833,0
1654,1515,1840,145,99,1037,1
2059,2015,2340,145,44,1037,1
734,715,1045,150,19,1037,1
751,750,805,75,1,325,0
1636,1550,1555,65,46,325,1
910,910,925,75,0,325,0
1022,1000,1020,80,22,325,1
1121,1110,1130,80,11,325,0
1743,1720,1730,70,23,325,1
1915,1850,1900,70,25,325,1
2306,2135,2145,70,91,325,1
627,630,645,75,-3,325,0
716,700,715,75,16,325,1
2105,2020,2030,70,45,325,1
1324,1325,1335,70,-1,325,0
842,835,1040,185,7,1009,0
1415,1345,1540,175,30,1009,1
2101,1945,2140,175,76,1009,1
1001,940,1600,260,21,2075,1
1620,1600,2220,260,20,2075,1
1322,1310,1905,235,12,1813,0
919,920,1605,285,-1,2277,0
941,940,1545,245,1,1891,0
2243,2120,2210,110,83,601,1
1444,1430,1520,110,14,601,0
1031,1020,1115,115,11,601,0
1418,1405,1410,65,13,304,0
2301,2120,2125,65,101,304,1
2143,2045,2050,65,58,304,1
1706,1645,1650,65,21,304,1
1156,1155,1205,70,1,304,0
1055,1030,1045,75,25,304,1
856,845,855,70,11,304,0
1957,1955,2000,65,2,304,0
1809,1730,1735,65,39,304,1
657,700,710,70,-3,304,0
1800,1610,1615,65,110,304,1
809,800,810,70,9,304,0
1502,1455,1500,65,7,304,0
1942,1840,1845,65,62,304,1
923,910,1210,120,13,843,0
2157,2025,2325,120,92,843,1
1701,1615,1915,120,46,843,1
1231,1200,1505,125,31,843,1
1151,1150,1705,195,1,1506,0
906,850,1105,195,16,1107,1
1153,1145,1400,195,8,1107,0
2000,1935,2145,190,25,1107,1
2138,2115,2210,115,23,621,1
1850,1845,1940,115,5,621,0
1004,955,1100,125,9,621,0
1544,1415,1510,115,89,621,1
621,625,730,125,-4,621,0
1224,1220,1325,125,4,621,0
1343,1315,1450,95,28,507,1
